test1,綾凪　真,今日はいい天気でした。<>明日も晴れるといいな。<>キャラの名前出てるかな
test2,,テストだよ。<>ネタがなくて困っているよ。<>キャラの名前が非表示になっているかな
test3,,<color=#ff0000>赤色</color>色は変わっているかな
test4,,<color=#ff0000>赤色の長い文章を表示するよ。<>改行も含んだよ。上手く表示できるかな</color>
test5,,ああああああ<>いいいいい<>ううううう<>えええええ<>おおおおお<>かかかかか<>ききききき
test6,,<center>中央寄せ</center>
test7,,<center><color=red>赤い鍵</color>を入手した</center>
test8,,テスト用ダミーテキストくぁｗせｄｒｆｔｇｙふじこｌｐ
test9,,テスト用ダミーテキストくぁｗせｄｒｆｔｇｙふじこｌｐ
test10,,テスト用ダミーテキストくぁｗせｄｒｆｔｇｙふじこｌｐ
test11,,テスト用ダミーテキストくぁｗせｄｒｆｔｇｙふじこｌｐ
test12,,テスト用ダミーテキストくぁｗせｄｒｆｔｇｙふじこｌｐ
test13,,テスト用ダミーテキストくぁｗせｄｒｆｔｇｙふじこｌｐ
test14,,テスト用ダミーテキストくぁｗせｄｒｆｔｇｙふじこｌｐ
test15,,テスト用ダミーテキストくぁｗせｄｒｆｔｇｙふじこｌｐ
test16,,テスト用ダミーテキストくぁｗせｄｒｆｔｇｙふじこｌｐ
test17,,テスト用ダミーテキストくぁｗせｄｒｆｔｇｙふじこｌｐ
test18,,テスト用ダミーテキストくぁｗせｄｒｆｔｇｙふじこｌｐ
test19,,テスト用ダミーテキストくぁｗせｄｒｆｔｇｙふじこｌｐ
test20,,テスト用ダミーテキストくぁｗせｄｒｆｔｇｙふじこｌｐ
test21,,テスト用ダミーテキストくぁｗせｄｒｆｔｇｙふじこｌｐ
test22,,テスト用ダミーテキストくぁｗせｄｒｆｔｇｙふじこｌｐ
test23,,テスト用ダミーテキストくぁｗせｄｒｆｔｇｙふじこｌｐ
test24,,テスト用ダミーテキストくぁｗせｄｒｆｔｇｙふじこｌｐ
test25,,テスト用ダミーテキストくぁｗせｄｒｆｔｇｙふじこｌｐ
test26,,テスト用ダミーテキストくぁｗせｄｒｆｔｇｙふじこｌｐ
test27,,テスト用ダミーテキストくぁｗせｄｒｆｔｇｙふじこｌｐ
test28,,テスト用ダミーテキストくぁｗせｄｒｆｔｇｙふじこｌｐ
test29,,テスト用ダミーテキストくぁｗせｄｒｆｔｇｙふじこｌｐ
test30,,テスト用ダミーテキストくぁｗせｄｒｆｔｇｙふじこｌｐ
test31,,テスト用ダミーテキストくぁｗせｄｒｆｔｇｙふじこｌｐ
test32,,テスト用ダミーテキストくぁｗせｄｒｆｔｇｙふじこｌｐ
test33,,テスト用ダミーテキストくぁｗせｄｒｆｔｇｙふじこｌｐ
test34,,テスト用ダミーテキストくぁｗせｄｒｆｔｇｙふじこｌｐ
test35,,テスト用ダミーテキストくぁｗせｄｒｆｔｇｙふじこｌｐ
test36,,テスト用ダミーテキストくぁｗせｄｒｆｔｇｙふじこｌｐ
test37,,テスト用ダミーテキストくぁｗせｄｒｆｔｇｙふじこｌｐ
test38,,テスト用ダミーテキストくぁｗせｄｒｆｔｇｙふじこｌｐ
test39,,テスト用ダミーテキストくぁｗせｄｒｆｔｇｙふじこｌｐ
test40,,テスト用ダミーテキストくぁｗせｄｒｆｔｇｙふじこｌｐ
test41,,テスト用ダミーテキストくぁｗせｄｒｆｔｇｙふじこｌｐ
test42,,テスト用ダミーテキストくぁｗせｄｒｆｔｇｙふじこｌｐ
test43,,テスト用ダミーテキストくぁｗせｄｒｆｔｇｙふじこｌｐ
test44,,テスト用ダミーテキストくぁｗせｄｒｆｔｇｙふじこｌｐ
test45,,テスト用ダミーテキストくぁｗせｄｒｆｔｇｙふじこｌｐ
test46,,テスト用ダミーテキストくぁｗせｄｒｆｔｇｙふじこｌｐ
test47,,テスト用ダミーテキストくぁｗせｄｒｆｔｇｙふじこｌｐ
test48,,テスト用ダミーテキストくぁｗせｄｒｆｔｇｙふじこｌｐ
test49,,テスト用ダミーテキストくぁｗせｄｒｆｔｇｙふじこｌｐ
test50,,テスト用ダミーテキストくぁｗせｄｒｆｔｇｙふじこｌｐ
test51,,テスト用ダミーテキストくぁｗせｄｒｆｔｇｙふじこｌｐ
test52,,テスト用ダミーテキストくぁｗせｄｒｆｔｇｙふじこｌｐ
test53,,テスト用ダミーテキストくぁｗせｄｒｆｔｇｙふじこｌｐ
test54,,テスト用ダミーテキストくぁｗせｄｒｆｔｇｙふじこｌｐ
test55,,テスト用ダミーテキストくぁｗせｄｒｆｔｇｙふじこｌｐ
test56,,テスト用ダミーテキストくぁｗせｄｒｆｔｇｙふじこｌｐ
test57,,テスト用ダミーテキストくぁｗせｄｒｆｔｇｙふじこｌｐ
test58,,テスト用ダミーテキストくぁｗせｄｒｆｔｇｙふじこｌｐ
test59,,テスト用ダミーテキストくぁｗせｄｒｆｔｇｙふじこｌｐ
test60,,テスト用ダミーテキストくぁｗせｄｒｆｔｇｙふじこｌｐ
test61,,テスト用ダミーテキストくぁｗせｄｒｆｔｇｙふじこｌｐ
test62,,テスト用ダミーテキストくぁｗせｄｒｆｔｇｙふじこｌｐ
test63,,テスト用ダミーテキストくぁｗせｄｒｆｔｇｙふじこｌｐ
test64,,テスト用ダミーテキストくぁｗせｄｒｆｔｇｙふじこｌｐ
test65,,テスト用ダミーテキストくぁｗせｄｒｆｔｇｙふじこｌｐ
test66,,テスト用ダミーテキストくぁｗせｄｒｆｔｇｙふじこｌｐ
test67,,テスト用ダミーテキストくぁｗせｄｒｆｔｇｙふじこｌｐ
test68,,テスト用ダミーテキストくぁｗせｄｒｆｔｇｙふじこｌｐ
test69,,テスト用ダミーテキストくぁｗせｄｒｆｔｇｙふじこｌｐ
test70,,テスト用ダミーテキストくぁｗせｄｒｆｔｇｙふじこｌｐ
test71,,テスト用ダミーテキストくぁｗせｄｒｆｔｇｙふじこｌｐ
test72,,テスト用ダミーテキストくぁｗせｄｒｆｔｇｙふじこｌｐ
test73,,テスト用ダミーテキストくぁｗせｄｒｆｔｇｙふじこｌｐ
test74,,テスト用ダミーテキストくぁｗせｄｒｆｔｇｙふじこｌｐ
test75,,テスト用ダミーテキストくぁｗせｄｒｆｔｇｙふじこｌｐ
test76,,テスト用ダミーテキストくぁｗせｄｒｆｔｇｙふじこｌｐ
test77,,テスト用ダミーテキストくぁｗせｄｒｆｔｇｙふじこｌｐ
test78,,テスト用ダミーテキストくぁｗせｄｒｆｔｇｙふじこｌｐ
test79,,テスト用ダミーテキストくぁｗせｄｒｆｔｇｙふじこｌｐ
test80,,テスト用ダミーテキストくぁｗせｄｒｆｔｇｙふじこｌｐ
test81,,テスト用ダミーテキストくぁｗせｄｒｆｔｇｙふじこｌｐ
test82,,テスト用ダミーテキストくぁｗせｄｒｆｔｇｙふじこｌｐ
test83,,テスト用ダミーテキストくぁｗせｄｒｆｔｇｙふじこｌｐ
test84,,テスト用ダミーテキストくぁｗせｄｒｆｔｇｙふじこｌｐ
test85,,テスト用ダミーテキストくぁｗせｄｒｆｔｇｙふじこｌｐ
test86,,テスト用ダミーテキストくぁｗせｄｒｆｔｇｙふじこｌｐ
test87,,テスト用ダミーテキストくぁｗせｄｒｆｔｇｙふじこｌｐ
test88,,テスト用ダミーテキストくぁｗせｄｒｆｔｇｙふじこｌｐ
test89,,テスト用ダミーテキストくぁｗせｄｒｆｔｇｙふじこｌｐ
test90,,テスト用ダミーテキストくぁｗせｄｒｆｔｇｙふじこｌｐ
test91,,テスト用ダミーテキストくぁｗせｄｒｆｔｇｙふじこｌｐ
test92,,テスト用ダミーテキストくぁｗせｄｒｆｔｇｙふじこｌｐ
test93,,テスト用ダミーテキストくぁｗせｄｒｆｔｇｙふじこｌｐ
test94,,テスト用ダミーテキストくぁｗせｄｒｆｔｇｙふじこｌｐ
test95,,テスト用ダミーテキストくぁｗせｄｒｆｔｇｙふじこｌｐ
test96,,テスト用ダミーテキストくぁｗせｄｒｆｔｇｙふじこｌｐ
test97,,テスト用ダミーテキストくぁｗせｄｒｆｔｇｙふじこｌｐ
test98,,テスト用ダミーテキストくぁｗせｄｒｆｔｇｙふじこｌｐ
test99,,テスト用ダミーテキストくぁｗせｄｒｆｔｇｙふじこｌｐ
test100,,テスト用ダミーテキストくぁｗせｄｒｆｔｇｙふじこｌｐ
test101,,テスト用ダミーテキストくぁｗせｄｒｆｔｇｙふじこｌｐ
test102,,テスト用ダミーテキストくぁｗせｄｒｆｔｇｙふじこｌｐ
test103,,テスト用ダミーテキストくぁｗせｄｒｆｔｇｙふじこｌｐ
test104,,テスト用ダミーテキストくぁｗせｄｒｆｔｇｙふじこｌｐ
test105,,テスト用ダミーテキストくぁｗせｄｒｆｔｇｙふじこｌｐ
test106,,テスト用ダミーテキストくぁｗせｄｒｆｔｇｙふじこｌｐ
test107,,テスト用ダミーテキストくぁｗせｄｒｆｔｇｙふじこｌｐ
test108,,テスト用ダミーテキストくぁｗせｄｒｆｔｇｙふじこｌｐ
test109,,テスト用ダミーテキストくぁｗせｄｒｆｔｇｙふじこｌｐ
test110,,テスト用ダミーテキストくぁｗせｄｒｆｔｇｙふじこｌｐ
test111,,テスト用ダミーテキストくぁｗせｄｒｆｔｇｙふじこｌｐ
test112,,テスト用ダミーテキストくぁｗせｄｒｆｔｇｙふじこｌｐ
test113,,テスト用ダミーテキストくぁｗせｄｒｆｔｇｙふじこｌｐ
test114,,テスト用ダミーテキストくぁｗせｄｒｆｔｇｙふじこｌｐ
test115,,テスト用ダミーテキストくぁｗせｄｒｆｔｇｙふじこｌｐ
test116,,テスト用ダミーテキストくぁｗせｄｒｆｔｇｙふじこｌｐ
test117,,テスト用ダミーテキストくぁｗせｄｒｆｔｇｙふじこｌｐ
test118,,テスト用ダミーテキストくぁｗせｄｒｆｔｇｙふじこｌｐ
test119,,テスト用ダミーテキストくぁｗせｄｒｆｔｇｙふじこｌｐ
test120,,テスト用ダミーテキストくぁｗせｄｒｆｔｇｙふじこｌｐ
test121,,テスト用ダミーテキストくぁｗせｄｒｆｔｇｙふじこｌｐ
test122,,テスト用ダミーテキストくぁｗせｄｒｆｔｇｙふじこｌｐ
test123,,テスト用ダミーテキストくぁｗせｄｒｆｔｇｙふじこｌｐ
test124,,テスト用ダミーテキストくぁｗせｄｒｆｔｇｙふじこｌｐ
test125,,テスト用ダミーテキストくぁｗせｄｒｆｔｇｙふじこｌｐ
test126,,テスト用ダミーテキストくぁｗせｄｒｆｔｇｙふじこｌｐ
test127,,テスト用ダミーテキストくぁｗせｄｒｆｔｇｙふじこｌｐ
test128,,テスト用ダミーテキストくぁｗせｄｒｆｔｇｙふじこｌｐ
test129,,テスト用ダミーテキストくぁｗせｄｒｆｔｇｙふじこｌｐ
test130,,テスト用ダミーテキストくぁｗせｄｒｆｔｇｙふじこｌｐ
test131,,テスト用ダミーテキストくぁｗせｄｒｆｔｇｙふじこｌｐ
test132,,テスト用ダミーテキストくぁｗせｄｒｆｔｇｙふじこｌｐ
test133,,テスト用ダミーテキストくぁｗせｄｒｆｔｇｙふじこｌｐ
test134,,テスト用ダミーテキストくぁｗせｄｒｆｔｇｙふじこｌｐ
test135,,テスト用ダミーテキストくぁｗせｄｒｆｔｇｙふじこｌｐ
test136,,テスト用ダミーテキストくぁｗせｄｒｆｔｇｙふじこｌｐ
test137,,テスト用ダミーテキストくぁｗせｄｒｆｔｇｙふじこｌｐ
test138,,テスト用ダミーテキストくぁｗせｄｒｆｔｇｙふじこｌｐ
test139,,テスト用ダミーテキストくぁｗせｄｒｆｔｇｙふじこｌｐ
test140,,テスト用ダミーテキストくぁｗせｄｒｆｔｇｙふじこｌｐ
test141,,テスト用ダミーテキストくぁｗせｄｒｆｔｇｙふじこｌｐ
test142,,テスト用ダミーテキストくぁｗせｄｒｆｔｇｙふじこｌｐ
test143,,テスト用ダミーテキストくぁｗせｄｒｆｔｇｙふじこｌｐ
test144,,テスト用ダミーテキストくぁｗせｄｒｆｔｇｙふじこｌｐ
test145,,テスト用ダミーテキストくぁｗせｄｒｆｔｇｙふじこｌｐ
test146,,テスト用ダミーテキストくぁｗせｄｒｆｔｇｙふじこｌｐ
test147,,テスト用ダミーテキストくぁｗせｄｒｆｔｇｙふじこｌｐ
test148,,テスト用ダミーテキストくぁｗせｄｒｆｔｇｙふじこｌｐ
test149,,テスト用ダミーテキストくぁｗせｄｒｆｔｇｙふじこｌｐ
test150,,テスト用ダミーテキストくぁｗせｄｒｆｔｇｙふじこｌｐ
test151,,テスト用ダミーテキストくぁｗせｄｒｆｔｇｙふじこｌｐ
test152,,テスト用ダミーテキストくぁｗせｄｒｆｔｇｙふじこｌｐ
test153,,テスト用ダミーテキストくぁｗせｄｒｆｔｇｙふじこｌｐ
test154,,テスト用ダミーテキストくぁｗせｄｒｆｔｇｙふじこｌｐ
test155,,テスト用ダミーテキストくぁｗせｄｒｆｔｇｙふじこｌｐ
test156,,テスト用ダミーテキストくぁｗせｄｒｆｔｇｙふじこｌｐ
test157,,テスト用ダミーテキストくぁｗせｄｒｆｔｇｙふじこｌｐ
test158,,テスト用ダミーテキストくぁｗせｄｒｆｔｇｙふじこｌｐ
test159,,テスト用ダミーテキストくぁｗせｄｒｆｔｇｙふじこｌｐ
test160,,テスト用ダミーテキストくぁｗせｄｒｆｔｇｙふじこｌｐ
test161,,テスト用ダミーテキストくぁｗせｄｒｆｔｇｙふじこｌｐ
test162,,テスト用ダミーテキストくぁｗせｄｒｆｔｇｙふじこｌｐ
test163,,テスト用ダミーテキストくぁｗせｄｒｆｔｇｙふじこｌｐ
test164,,テスト用ダミーテキストくぁｗせｄｒｆｔｇｙふじこｌｐ
test165,,テスト用ダミーテキストくぁｗせｄｒｆｔｇｙふじこｌｐ
test166,,テスト用ダミーテキストくぁｗせｄｒｆｔｇｙふじこｌｐ
test167,,テスト用ダミーテキストくぁｗせｄｒｆｔｇｙふじこｌｐ
test168,,テスト用ダミーテキストくぁｗせｄｒｆｔｇｙふじこｌｐ
test169,,テスト用ダミーテキストくぁｗせｄｒｆｔｇｙふじこｌｐ
test170,,テスト用ダミーテキストくぁｗせｄｒｆｔｇｙふじこｌｐ
test171,,テスト用ダミーテキストくぁｗせｄｒｆｔｇｙふじこｌｐ
test172,,テスト用ダミーテキストくぁｗせｄｒｆｔｇｙふじこｌｐ
test173,,テスト用ダミーテキストくぁｗせｄｒｆｔｇｙふじこｌｐ
test174,,テスト用ダミーテキストくぁｗせｄｒｆｔｇｙふじこｌｐ
test175,,テスト用ダミーテキストくぁｗせｄｒｆｔｇｙふじこｌｐ
test176,,テスト用ダミーテキストくぁｗせｄｒｆｔｇｙふじこｌｐ
test177,,テスト用ダミーテキストくぁｗせｄｒｆｔｇｙふじこｌｐ
test178,,テスト用ダミーテキストくぁｗせｄｒｆｔｇｙふじこｌｐ
test179,,テスト用ダミーテキストくぁｗせｄｒｆｔｇｙふじこｌｐ
test180,,テスト用ダミーテキストくぁｗせｄｒｆｔｇｙふじこｌｐ
test181,,テスト用ダミーテキストくぁｗせｄｒｆｔｇｙふじこｌｐ
test182,,テスト用ダミーテキストくぁｗせｄｒｆｔｇｙふじこｌｐ
test183,,テスト用ダミーテキストくぁｗせｄｒｆｔｇｙふじこｌｐ
test184,,テスト用ダミーテキストくぁｗせｄｒｆｔｇｙふじこｌｐ
test185,,テスト用ダミーテキストくぁｗせｄｒｆｔｇｙふじこｌｐ
test186,,テスト用ダミーテキストくぁｗせｄｒｆｔｇｙふじこｌｐ
test187,,テスト用ダミーテキストくぁｗせｄｒｆｔｇｙふじこｌｐ
test188,,テスト用ダミーテキストくぁｗせｄｒｆｔｇｙふじこｌｐ
test189,,テスト用ダミーテキストくぁｗせｄｒｆｔｇｙふじこｌｐ
test190,,テスト用ダミーテキストくぁｗせｄｒｆｔｇｙふじこｌｐ
test191,,テスト用ダミーテキストくぁｗせｄｒｆｔｇｙふじこｌｐ
test192,,テスト用ダミーテキストくぁｗせｄｒｆｔｇｙふじこｌｐ
test193,,テスト用ダミーテキストくぁｗせｄｒｆｔｇｙふじこｌｐ
test194,,テスト用ダミーテキストくぁｗせｄｒｆｔｇｙふじこｌｐ
test195,,テスト用ダミーテキストくぁｗせｄｒｆｔｇｙふじこｌｐ
test196,,テスト用ダミーテキストくぁｗせｄｒｆｔｇｙふじこｌｐ
test197,,テスト用ダミーテキストくぁｗせｄｒｆｔｇｙふじこｌｐ
test198,,テスト用ダミーテキストくぁｗせｄｒｆｔｇｙふじこｌｐ
test199,,テスト用ダミーテキストくぁｗせｄｒｆｔｇｙふじこｌｐ
test200,,テスト用ダミーテキストくぁｗせｄｒｆｔｇｙふじこｌｐ
test201,,テスト用ダミーテキストくぁｗせｄｒｆｔｇｙふじこｌｐ
test202,,テスト用ダミーテキストくぁｗせｄｒｆｔｇｙふじこｌｐ
test203,,テスト用ダミーテキストくぁｗせｄｒｆｔｇｙふじこｌｐ
test204,,テスト用ダミーテキストくぁｗせｄｒｆｔｇｙふじこｌｐ
test205,,テスト用ダミーテキストくぁｗせｄｒｆｔｇｙふじこｌｐ
test206,,テスト用ダミーテキストくぁｗせｄｒｆｔｇｙふじこｌｐ
test207,,テスト用ダミーテキストくぁｗせｄｒｆｔｇｙふじこｌｐ
test208,,テスト用ダミーテキストくぁｗせｄｒｆｔｇｙふじこｌｐ
test209,,テスト用ダミーテキストくぁｗせｄｒｆｔｇｙふじこｌｐ
test210,,テスト用ダミーテキストくぁｗせｄｒｆｔｇｙふじこｌｐ
test211,,テスト用ダミーテキストくぁｗせｄｒｆｔｇｙふじこｌｐ
test212,,テスト用ダミーテキストくぁｗせｄｒｆｔｇｙふじこｌｐ
test213,,テスト用ダミーテキストくぁｗせｄｒｆｔｇｙふじこｌｐ
test214,,テスト用ダミーテキストくぁｗせｄｒｆｔｇｙふじこｌｐ
test215,,テスト用ダミーテキストくぁｗせｄｒｆｔｇｙふじこｌｐ
test216,,テスト用ダミーテキストくぁｗせｄｒｆｔｇｙふじこｌｐ
test217,,テスト用ダミーテキストくぁｗせｄｒｆｔｇｙふじこｌｐ
test218,,テスト用ダミーテキストくぁｗせｄｒｆｔｇｙふじこｌｐ
test219,,テスト用ダミーテキストくぁｗせｄｒｆｔｇｙふじこｌｐ
test220,,テスト用ダミーテキストくぁｗせｄｒｆｔｇｙふじこｌｐ
test221,,テスト用ダミーテキストくぁｗせｄｒｆｔｇｙふじこｌｐ
test222,,テスト用ダミーテキストくぁｗせｄｒｆｔｇｙふじこｌｐ
test223,,テスト用ダミーテキストくぁｗせｄｒｆｔｇｙふじこｌｐ
test224,,テスト用ダミーテキストくぁｗせｄｒｆｔｇｙふじこｌｐ
test225,,テスト用ダミーテキストくぁｗせｄｒｆｔｇｙふじこｌｐ
test226,,テスト用ダミーテキストくぁｗせｄｒｆｔｇｙふじこｌｐ
test227,,テスト用ダミーテキストくぁｗせｄｒｆｔｇｙふじこｌｐ
test228,,テスト用ダミーテキストくぁｗせｄｒｆｔｇｙふじこｌｐ
test229,,テスト用ダミーテキストくぁｗせｄｒｆｔｇｙふじこｌｐ
test230,,テスト用ダミーテキストくぁｗせｄｒｆｔｇｙふじこｌｐ
test231,,テスト用ダミーテキストくぁｗせｄｒｆｔｇｙふじこｌｐ
test232,,テスト用ダミーテキストくぁｗせｄｒｆｔｇｙふじこｌｐ
test233,,テスト用ダミーテキストくぁｗせｄｒｆｔｇｙふじこｌｐ
test234,,テスト用ダミーテキストくぁｗせｄｒｆｔｇｙふじこｌｐ
test235,,テスト用ダミーテキストくぁｗせｄｒｆｔｇｙふじこｌｐ
test236,,テスト用ダミーテキストくぁｗせｄｒｆｔｇｙふじこｌｐ
test237,,テスト用ダミーテキストくぁｗせｄｒｆｔｇｙふじこｌｐ
test238,,テスト用ダミーテキストくぁｗせｄｒｆｔｇｙふじこｌｐ
test239,,テスト用ダミーテキストくぁｗせｄｒｆｔｇｙふじこｌｐ
test240,,テスト用ダミーテキストくぁｗせｄｒｆｔｇｙふじこｌｐ
test241,,テスト用ダミーテキストくぁｗせｄｒｆｔｇｙふじこｌｐ
test242,,テスト用ダミーテキストくぁｗせｄｒｆｔｇｙふじこｌｐ
test243,,テスト用ダミーテキストくぁｗせｄｒｆｔｇｙふじこｌｐ
test244,,テスト用ダミーテキストくぁｗせｄｒｆｔｇｙふじこｌｐ
test245,,テスト用ダミーテキストくぁｗせｄｒｆｔｇｙふじこｌｐ
test246,,テスト用ダミーテキストくぁｗせｄｒｆｔｇｙふじこｌｐ
test247,,テスト用ダミーテキストくぁｗせｄｒｆｔｇｙふじこｌｐ
test248,,テスト用ダミーテキストくぁｗせｄｒｆｔｇｙふじこｌｐ
test249,,テスト用ダミーテキストくぁｗせｄｒｆｔｇｙふじこｌｐ
test250,,テスト用ダミーテキストくぁｗせｄｒｆｔｇｙふじこｌｐ
test251,,テスト用ダミーテキストくぁｗせｄｒｆｔｇｙふじこｌｐ
test252,,テスト用ダミーテキストくぁｗせｄｒｆｔｇｙふじこｌｐ
test253,,テスト用ダミーテキストくぁｗせｄｒｆｔｇｙふじこｌｐ
test254,,テスト用ダミーテキストくぁｗせｄｒｆｔｇｙふじこｌｐ
test255,,テスト用ダミーテキストくぁｗせｄｒｆｔｇｙふじこｌｐ
test256,,テスト用ダミーテキストくぁｗせｄｒｆｔｇｙふじこｌｐ
test257,,テスト用ダミーテキストくぁｗせｄｒｆｔｇｙふじこｌｐ
test258,,テスト用ダミーテキストくぁｗせｄｒｆｔｇｙふじこｌｐ
test259,,テスト用ダミーテキストくぁｗせｄｒｆｔｇｙふじこｌｐ
test260,,テスト用ダミーテキストくぁｗせｄｒｆｔｇｙふじこｌｐ
test261,,テスト用ダミーテキストくぁｗせｄｒｆｔｇｙふじこｌｐ
test262,,テスト用ダミーテキストくぁｗせｄｒｆｔｇｙふじこｌｐ
test263,,テスト用ダミーテキストくぁｗせｄｒｆｔｇｙふじこｌｐ
test264,,テスト用ダミーテキストくぁｗせｄｒｆｔｇｙふじこｌｐ
test265,,テスト用ダミーテキストくぁｗせｄｒｆｔｇｙふじこｌｐ
test266,,テスト用ダミーテキストくぁｗせｄｒｆｔｇｙふじこｌｐ
test267,,テスト用ダミーテキストくぁｗせｄｒｆｔｇｙふじこｌｐ
test268,,テスト用ダミーテキストくぁｗせｄｒｆｔｇｙふじこｌｐ
test269,,テスト用ダミーテキストくぁｗせｄｒｆｔｇｙふじこｌｐ
test270,,テスト用ダミーテキストくぁｗせｄｒｆｔｇｙふじこｌｐ
test271,,テスト用ダミーテキストくぁｗせｄｒｆｔｇｙふじこｌｐ
test272,,テスト用ダミーテキストくぁｗせｄｒｆｔｇｙふじこｌｐ
test273,,テスト用ダミーテキストくぁｗせｄｒｆｔｇｙふじこｌｐ
test274,,テスト用ダミーテキストくぁｗせｄｒｆｔｇｙふじこｌｐ
test275,,テスト用ダミーテキストくぁｗせｄｒｆｔｇｙふじこｌｐ
test276,,テスト用ダミーテキストくぁｗせｄｒｆｔｇｙふじこｌｐ
test277,,テスト用ダミーテキストくぁｗせｄｒｆｔｇｙふじこｌｐ
test278,,テスト用ダミーテキストくぁｗせｄｒｆｔｇｙふじこｌｐ
test279,,テスト用ダミーテキストくぁｗせｄｒｆｔｇｙふじこｌｐ
test280,,テスト用ダミーテキストくぁｗせｄｒｆｔｇｙふじこｌｐ
test281,,テスト用ダミーテキストくぁｗせｄｒｆｔｇｙふじこｌｐ
test282,,テスト用ダミーテキストくぁｗせｄｒｆｔｇｙふじこｌｐ
test283,,テスト用ダミーテキストくぁｗせｄｒｆｔｇｙふじこｌｐ
test284,,テスト用ダミーテキストくぁｗせｄｒｆｔｇｙふじこｌｐ
test285,,テスト用ダミーテキストくぁｗせｄｒｆｔｇｙふじこｌｐ
test286,,テスト用ダミーテキストくぁｗせｄｒｆｔｇｙふじこｌｐ
test287,,テスト用ダミーテキストくぁｗせｄｒｆｔｇｙふじこｌｐ
test288,,テスト用ダミーテキストくぁｗせｄｒｆｔｇｙふじこｌｐ
test289,,テスト用ダミーテキストくぁｗせｄｒｆｔｇｙふじこｌｐ
test290,,テスト用ダミーテキストくぁｗせｄｒｆｔｇｙふじこｌｐ
test291,,テスト用ダミーテキストくぁｗせｄｒｆｔｇｙふじこｌｐ
test292,,テスト用ダミーテキストくぁｗせｄｒｆｔｇｙふじこｌｐ
test293,,テスト用ダミーテキストくぁｗせｄｒｆｔｇｙふじこｌｐ
test294,,テスト用ダミーテキストくぁｗせｄｒｆｔｇｙふじこｌｐ
test295,,テスト用ダミーテキストくぁｗせｄｒｆｔｇｙふじこｌｐ
test296,,テスト用ダミーテキストくぁｗせｄｒｆｔｇｙふじこｌｐ
test297,,テスト用ダミーテキストくぁｗせｄｒｆｔｇｙふじこｌｐ
test298,,テスト用ダミーテキストくぁｗせｄｒｆｔｇｙふじこｌｐ
test299,,テスト用ダミーテキストくぁｗせｄｒｆｔｇｙふじこｌｐ
test300,,テスト用ダミーテキストくぁｗせｄｒｆｔｇｙふじこｌｐ
test301,,テスト用ダミーテキストくぁｗせｄｒｆｔｇｙふじこｌｐ
test302,,テスト用ダミーテキストくぁｗせｄｒｆｔｇｙふじこｌｐ
test303,,テスト用ダミーテキストくぁｗせｄｒｆｔｇｙふじこｌｐ
test304,,テスト用ダミーテキストくぁｗせｄｒｆｔｇｙふじこｌｐ
test305,,テスト用ダミーテキストくぁｗせｄｒｆｔｇｙふじこｌｐ
test306,,テスト用ダミーテキストくぁｗせｄｒｆｔｇｙふじこｌｐ
test307,,テスト用ダミーテキストくぁｗせｄｒｆｔｇｙふじこｌｐ
test308,,テスト用ダミーテキストくぁｗせｄｒｆｔｇｙふじこｌｐ
test309,,テスト用ダミーテキストくぁｗせｄｒｆｔｇｙふじこｌｐ
test310,,テスト用ダミーテキストくぁｗせｄｒｆｔｇｙふじこｌｐ
test311,,テスト用ダミーテキストくぁｗせｄｒｆｔｇｙふじこｌｐ
test312,,テスト用ダミーテキストくぁｗせｄｒｆｔｇｙふじこｌｐ
test313,,テスト用ダミーテキストくぁｗせｄｒｆｔｇｙふじこｌｐ
test314,,テスト用ダミーテキストくぁｗせｄｒｆｔｇｙふじこｌｐ
test315,,テスト用ダミーテキストくぁｗせｄｒｆｔｇｙふじこｌｐ
test316,,テスト用ダミーテキストくぁｗせｄｒｆｔｇｙふじこｌｐ
test317,,テスト用ダミーテキストくぁｗせｄｒｆｔｇｙふじこｌｐ
test318,,テスト用ダミーテキストくぁｗせｄｒｆｔｇｙふじこｌｐ
test319,,テスト用ダミーテキストくぁｗせｄｒｆｔｇｙふじこｌｐ
test320,,テスト用ダミーテキストくぁｗせｄｒｆｔｇｙふじこｌｐ
test321,,テスト用ダミーテキストくぁｗせｄｒｆｔｇｙふじこｌｐ
test322,,テスト用ダミーテキストくぁｗせｄｒｆｔｇｙふじこｌｐ
test323,,テスト用ダミーテキストくぁｗせｄｒｆｔｇｙふじこｌｐ
test324,,テスト用ダミーテキストくぁｗせｄｒｆｔｇｙふじこｌｐ
test325,,テスト用ダミーテキストくぁｗせｄｒｆｔｇｙふじこｌｐ
test326,,テスト用ダミーテキストくぁｗせｄｒｆｔｇｙふじこｌｐ
test327,,テスト用ダミーテキストくぁｗせｄｒｆｔｇｙふじこｌｐ
test328,,テスト用ダミーテキストくぁｗせｄｒｆｔｇｙふじこｌｐ
test329,,テスト用ダミーテキストくぁｗせｄｒｆｔｇｙふじこｌｐ
test330,,テスト用ダミーテキストくぁｗせｄｒｆｔｇｙふじこｌｐ
test331,,テスト用ダミーテキストくぁｗせｄｒｆｔｇｙふじこｌｐ
test332,,テスト用ダミーテキストくぁｗせｄｒｆｔｇｙふじこｌｐ
test333,,テスト用ダミーテキストくぁｗせｄｒｆｔｇｙふじこｌｐ
test334,,テスト用ダミーテキストくぁｗせｄｒｆｔｇｙふじこｌｐ
test335,,テスト用ダミーテキストくぁｗせｄｒｆｔｇｙふじこｌｐ
test336,,テスト用ダミーテキストくぁｗせｄｒｆｔｇｙふじこｌｐ
test337,,テスト用ダミーテキストくぁｗせｄｒｆｔｇｙふじこｌｐ
test338,,テスト用ダミーテキストくぁｗせｄｒｆｔｇｙふじこｌｐ
test339,,テスト用ダミーテキストくぁｗせｄｒｆｔｇｙふじこｌｐ
test340,,テスト用ダミーテキストくぁｗせｄｒｆｔｇｙふじこｌｐ
test341,,テスト用ダミーテキストくぁｗせｄｒｆｔｇｙふじこｌｐ
test342,,テスト用ダミーテキストくぁｗせｄｒｆｔｇｙふじこｌｐ
test343,,テスト用ダミーテキストくぁｗせｄｒｆｔｇｙふじこｌｐ
test344,,テスト用ダミーテキストくぁｗせｄｒｆｔｇｙふじこｌｐ
test345,,テスト用ダミーテキストくぁｗせｄｒｆｔｇｙふじこｌｐ
test346,,テスト用ダミーテキストくぁｗせｄｒｆｔｇｙふじこｌｐ
test347,,テスト用ダミーテキストくぁｗせｄｒｆｔｇｙふじこｌｐ
test348,,テスト用ダミーテキストくぁｗせｄｒｆｔｇｙふじこｌｐ
test349,,テスト用ダミーテキストくぁｗせｄｒｆｔｇｙふじこｌｐ
test350,,テスト用ダミーテキストくぁｗせｄｒｆｔｇｙふじこｌｐ
test351,,テスト用ダミーテキストくぁｗせｄｒｆｔｇｙふじこｌｐ
test352,,テスト用ダミーテキストくぁｗせｄｒｆｔｇｙふじこｌｐ
test353,,テスト用ダミーテキストくぁｗせｄｒｆｔｇｙふじこｌｐ
test354,,テスト用ダミーテキストくぁｗせｄｒｆｔｇｙふじこｌｐ
test355,,テスト用ダミーテキストくぁｗせｄｒｆｔｇｙふじこｌｐ
test356,,テスト用ダミーテキストくぁｗせｄｒｆｔｇｙふじこｌｐ
test357,,テスト用ダミーテキストくぁｗせｄｒｆｔｇｙふじこｌｐ
test358,,テスト用ダミーテキストくぁｗせｄｒｆｔｇｙふじこｌｐ
test359,,テスト用ダミーテキストくぁｗせｄｒｆｔｇｙふじこｌｐ
test360,,テスト用ダミーテキストくぁｗせｄｒｆｔｇｙふじこｌｐ
test361,,テスト用ダミーテキストくぁｗせｄｒｆｔｇｙふじこｌｐ
test362,,テスト用ダミーテキストくぁｗせｄｒｆｔｇｙふじこｌｐ
test363,,テスト用ダミーテキストくぁｗせｄｒｆｔｇｙふじこｌｐ
test364,,テスト用ダミーテキストくぁｗせｄｒｆｔｇｙふじこｌｐ
test365,,テスト用ダミーテキストくぁｗせｄｒｆｔｇｙふじこｌｐ
test366,,テスト用ダミーテキストくぁｗせｄｒｆｔｇｙふじこｌｐ
test367,,テスト用ダミーテキストくぁｗせｄｒｆｔｇｙふじこｌｐ
test368,,テスト用ダミーテキストくぁｗせｄｒｆｔｇｙふじこｌｐ
test369,,テスト用ダミーテキストくぁｗせｄｒｆｔｇｙふじこｌｐ
test370,,テスト用ダミーテキストくぁｗせｄｒｆｔｇｙふじこｌｐ
test371,,テスト用ダミーテキストくぁｗせｄｒｆｔｇｙふじこｌｐ
test372,,テスト用ダミーテキストくぁｗせｄｒｆｔｇｙふじこｌｐ
test373,,テスト用ダミーテキストくぁｗせｄｒｆｔｇｙふじこｌｐ
test374,,テスト用ダミーテキストくぁｗせｄｒｆｔｇｙふじこｌｐ
test375,,テスト用ダミーテキストくぁｗせｄｒｆｔｇｙふじこｌｐ
test376,,テスト用ダミーテキストくぁｗせｄｒｆｔｇｙふじこｌｐ
test377,,テスト用ダミーテキストくぁｗせｄｒｆｔｇｙふじこｌｐ
test378,,テスト用ダミーテキストくぁｗせｄｒｆｔｇｙふじこｌｐ
test379,,テスト用ダミーテキストくぁｗせｄｒｆｔｇｙふじこｌｐ
test380,,テスト用ダミーテキストくぁｗせｄｒｆｔｇｙふじこｌｐ
test381,,テスト用ダミーテキストくぁｗせｄｒｆｔｇｙふじこｌｐ
test382,,テスト用ダミーテキストくぁｗせｄｒｆｔｇｙふじこｌｐ
test383,,テスト用ダミーテキストくぁｗせｄｒｆｔｇｙふじこｌｐ
test384,,テスト用ダミーテキストくぁｗせｄｒｆｔｇｙふじこｌｐ
test385,,テスト用ダミーテキストくぁｗせｄｒｆｔｇｙふじこｌｐ
test386,,テスト用ダミーテキストくぁｗせｄｒｆｔｇｙふじこｌｐ
test387,,テスト用ダミーテキストくぁｗせｄｒｆｔｇｙふじこｌｐ
test388,,テスト用ダミーテキストくぁｗせｄｒｆｔｇｙふじこｌｐ
test389,,テスト用ダミーテキストくぁｗせｄｒｆｔｇｙふじこｌｐ
test390,,テスト用ダミーテキストくぁｗせｄｒｆｔｇｙふじこｌｐ
test391,,テスト用ダミーテキストくぁｗせｄｒｆｔｇｙふじこｌｐ
test392,,テスト用ダミーテキストくぁｗせｄｒｆｔｇｙふじこｌｐ
test393,,テスト用ダミーテキストくぁｗせｄｒｆｔｇｙふじこｌｐ
test394,,テスト用ダミーテキストくぁｗせｄｒｆｔｇｙふじこｌｐ
test395,,テスト用ダミーテキストくぁｗせｄｒｆｔｇｙふじこｌｐ
test396,,テスト用ダミーテキストくぁｗせｄｒｆｔｇｙふじこｌｐ
test397,,テスト用ダミーテキストくぁｗせｄｒｆｔｇｙふじこｌｐ
test398,,テスト用ダミーテキストくぁｗせｄｒｆｔｇｙふじこｌｐ
test399,,テスト用ダミーテキストくぁｗせｄｒｆｔｇｙふじこｌｐ
test400,,テスト用ダミーテキストくぁｗせｄｒｆｔｇｙふじこｌｐ
test401,,テスト用ダミーテキストくぁｗせｄｒｆｔｇｙふじこｌｐ
test402,,テスト用ダミーテキストくぁｗせｄｒｆｔｇｙふじこｌｐ
test403,,テスト用ダミーテキストくぁｗせｄｒｆｔｇｙふじこｌｐ
test404,,テスト用ダミーテキストくぁｗせｄｒｆｔｇｙふじこｌｐ
test405,,テスト用ダミーテキストくぁｗせｄｒｆｔｇｙふじこｌｐ
test406,,テスト用ダミーテキストくぁｗせｄｒｆｔｇｙふじこｌｐ
test407,,テスト用ダミーテキストくぁｗせｄｒｆｔｇｙふじこｌｐ
test408,,テスト用ダミーテキストくぁｗせｄｒｆｔｇｙふじこｌｐ
test409,,テスト用ダミーテキストくぁｗせｄｒｆｔｇｙふじこｌｐ
test410,,テスト用ダミーテキストくぁｗせｄｒｆｔｇｙふじこｌｐ
test411,,テスト用ダミーテキストくぁｗせｄｒｆｔｇｙふじこｌｐ
test412,,テスト用ダミーテキストくぁｗせｄｒｆｔｇｙふじこｌｐ
test413,,テスト用ダミーテキストくぁｗせｄｒｆｔｇｙふじこｌｐ
test414,,テスト用ダミーテキストくぁｗせｄｒｆｔｇｙふじこｌｐ
test415,,テスト用ダミーテキストくぁｗせｄｒｆｔｇｙふじこｌｐ
test416,,テスト用ダミーテキストくぁｗせｄｒｆｔｇｙふじこｌｐ
test417,,テスト用ダミーテキストくぁｗせｄｒｆｔｇｙふじこｌｐ
test418,,テスト用ダミーテキストくぁｗせｄｒｆｔｇｙふじこｌｐ
test419,,テスト用ダミーテキストくぁｗせｄｒｆｔｇｙふじこｌｐ
test420,,テスト用ダミーテキストくぁｗせｄｒｆｔｇｙふじこｌｐ
test421,,テスト用ダミーテキストくぁｗせｄｒｆｔｇｙふじこｌｐ
test422,,テスト用ダミーテキストくぁｗせｄｒｆｔｇｙふじこｌｐ
test423,,テスト用ダミーテキストくぁｗせｄｒｆｔｇｙふじこｌｐ
test424,,テスト用ダミーテキストくぁｗせｄｒｆｔｇｙふじこｌｐ
test425,,テスト用ダミーテキストくぁｗせｄｒｆｔｇｙふじこｌｐ
test426,,テスト用ダミーテキストくぁｗせｄｒｆｔｇｙふじこｌｐ
test427,,テスト用ダミーテキストくぁｗせｄｒｆｔｇｙふじこｌｐ
test428,,テスト用ダミーテキストくぁｗせｄｒｆｔｇｙふじこｌｐ
test429,,テスト用ダミーテキストくぁｗせｄｒｆｔｇｙふじこｌｐ
test430,,テスト用ダミーテキストくぁｗせｄｒｆｔｇｙふじこｌｐ
test431,,テスト用ダミーテキストくぁｗせｄｒｆｔｇｙふじこｌｐ
test432,,テスト用ダミーテキストくぁｗせｄｒｆｔｇｙふじこｌｐ
test433,,テスト用ダミーテキストくぁｗせｄｒｆｔｇｙふじこｌｐ
test434,,テスト用ダミーテキストくぁｗせｄｒｆｔｇｙふじこｌｐ
test435,,テスト用ダミーテキストくぁｗせｄｒｆｔｇｙふじこｌｐ
test436,,テスト用ダミーテキストくぁｗせｄｒｆｔｇｙふじこｌｐ
test437,,テスト用ダミーテキストくぁｗせｄｒｆｔｇｙふじこｌｐ
test438,,テスト用ダミーテキストくぁｗせｄｒｆｔｇｙふじこｌｐ
test439,,テスト用ダミーテキストくぁｗせｄｒｆｔｇｙふじこｌｐ
test440,,テスト用ダミーテキストくぁｗせｄｒｆｔｇｙふじこｌｐ
test441,,テスト用ダミーテキストくぁｗせｄｒｆｔｇｙふじこｌｐ
test442,,テスト用ダミーテキストくぁｗせｄｒｆｔｇｙふじこｌｐ
test443,,テスト用ダミーテキストくぁｗせｄｒｆｔｇｙふじこｌｐ
test444,,テスト用ダミーテキストくぁｗせｄｒｆｔｇｙふじこｌｐ
test445,,テスト用ダミーテキストくぁｗせｄｒｆｔｇｙふじこｌｐ
test446,,テスト用ダミーテキストくぁｗせｄｒｆｔｇｙふじこｌｐ
test447,,テスト用ダミーテキストくぁｗせｄｒｆｔｇｙふじこｌｐ
test448,,テスト用ダミーテキストくぁｗせｄｒｆｔｇｙふじこｌｐ
test449,,テスト用ダミーテキストくぁｗせｄｒｆｔｇｙふじこｌｐ
test450,,テスト用ダミーテキストくぁｗせｄｒｆｔｇｙふじこｌｐ
test451,,テスト用ダミーテキストくぁｗせｄｒｆｔｇｙふじこｌｐ
test452,,テスト用ダミーテキストくぁｗせｄｒｆｔｇｙふじこｌｐ
test453,,テスト用ダミーテキストくぁｗせｄｒｆｔｇｙふじこｌｐ
test454,,テスト用ダミーテキストくぁｗせｄｒｆｔｇｙふじこｌｐ
test455,,テスト用ダミーテキストくぁｗせｄｒｆｔｇｙふじこｌｐ
test456,,テスト用ダミーテキストくぁｗせｄｒｆｔｇｙふじこｌｐ
test457,,テスト用ダミーテキストくぁｗせｄｒｆｔｇｙふじこｌｐ
test458,,テスト用ダミーテキストくぁｗせｄｒｆｔｇｙふじこｌｐ
test459,,テスト用ダミーテキストくぁｗせｄｒｆｔｇｙふじこｌｐ
test460,,テスト用ダミーテキストくぁｗせｄｒｆｔｇｙふじこｌｐ
test461,,テスト用ダミーテキストくぁｗせｄｒｆｔｇｙふじこｌｐ
test462,,テスト用ダミーテキストくぁｗせｄｒｆｔｇｙふじこｌｐ
test463,,テスト用ダミーテキストくぁｗせｄｒｆｔｇｙふじこｌｐ
test464,,テスト用ダミーテキストくぁｗせｄｒｆｔｇｙふじこｌｐ
test465,,テスト用ダミーテキストくぁｗせｄｒｆｔｇｙふじこｌｐ
test466,,テスト用ダミーテキストくぁｗせｄｒｆｔｇｙふじこｌｐ
test467,,テスト用ダミーテキストくぁｗせｄｒｆｔｇｙふじこｌｐ
test468,,テスト用ダミーテキストくぁｗせｄｒｆｔｇｙふじこｌｐ
test469,,テスト用ダミーテキストくぁｗせｄｒｆｔｇｙふじこｌｐ
test470,,テスト用ダミーテキストくぁｗせｄｒｆｔｇｙふじこｌｐ
test471,,テスト用ダミーテキストくぁｗせｄｒｆｔｇｙふじこｌｐ
test472,,テスト用ダミーテキストくぁｗせｄｒｆｔｇｙふじこｌｐ
test473,,テスト用ダミーテキストくぁｗせｄｒｆｔｇｙふじこｌｐ
test474,,テスト用ダミーテキストくぁｗせｄｒｆｔｇｙふじこｌｐ
test475,,テスト用ダミーテキストくぁｗせｄｒｆｔｇｙふじこｌｐ
test476,,テスト用ダミーテキストくぁｗせｄｒｆｔｇｙふじこｌｐ
test477,,テスト用ダミーテキストくぁｗせｄｒｆｔｇｙふじこｌｐ
test478,,テスト用ダミーテキストくぁｗせｄｒｆｔｇｙふじこｌｐ
test479,,テスト用ダミーテキストくぁｗせｄｒｆｔｇｙふじこｌｐ
test480,,テスト用ダミーテキストくぁｗせｄｒｆｔｇｙふじこｌｐ
test481,,テスト用ダミーテキストくぁｗせｄｒｆｔｇｙふじこｌｐ
test482,,テスト用ダミーテキストくぁｗせｄｒｆｔｇｙふじこｌｐ
test483,,テスト用ダミーテキストくぁｗせｄｒｆｔｇｙふじこｌｐ
test484,,テスト用ダミーテキストくぁｗせｄｒｆｔｇｙふじこｌｐ
test485,,テスト用ダミーテキストくぁｗせｄｒｆｔｇｙふじこｌｐ
test486,,テスト用ダミーテキストくぁｗせｄｒｆｔｇｙふじこｌｐ
test487,,テスト用ダミーテキストくぁｗせｄｒｆｔｇｙふじこｌｐ
test488,,テスト用ダミーテキストくぁｗせｄｒｆｔｇｙふじこｌｐ
test489,,テスト用ダミーテキストくぁｗせｄｒｆｔｇｙふじこｌｐ
test490,,テスト用ダミーテキストくぁｗせｄｒｆｔｇｙふじこｌｐ
test491,,テスト用ダミーテキストくぁｗせｄｒｆｔｇｙふじこｌｐ
test492,,テスト用ダミーテキストくぁｗせｄｒｆｔｇｙふじこｌｐ
test493,,テスト用ダミーテキストくぁｗせｄｒｆｔｇｙふじこｌｐ
test494,,テスト用ダミーテキストくぁｗせｄｒｆｔｇｙふじこｌｐ
test495,,テスト用ダミーテキストくぁｗせｄｒｆｔｇｙふじこｌｐ
test496,,テスト用ダミーテキストくぁｗせｄｒｆｔｇｙふじこｌｐ
test497,,テスト用ダミーテキストくぁｗせｄｒｆｔｇｙふじこｌｐ
test498,,テスト用ダミーテキストくぁｗせｄｒｆｔｇｙふじこｌｐ
test499,,テスト用ダミーテキストくぁｗせｄｒｆｔｇｙふじこｌｐ
test500,,テスト用ダミーテキストくぁｗせｄｒｆｔｇｙふじこｌｐ
test501,,テスト用ダミーテキストくぁｗせｄｒｆｔｇｙふじこｌｐ
test502,,テスト用ダミーテキストくぁｗせｄｒｆｔｇｙふじこｌｐ
test503,,テスト用ダミーテキストくぁｗせｄｒｆｔｇｙふじこｌｐ
test504,,テスト用ダミーテキストくぁｗせｄｒｆｔｇｙふじこｌｐ
test505,,テスト用ダミーテキストくぁｗせｄｒｆｔｇｙふじこｌｐ
test506,,テスト用ダミーテキストくぁｗせｄｒｆｔｇｙふじこｌｐ
test507,,テスト用ダミーテキストくぁｗせｄｒｆｔｇｙふじこｌｐ
test508,,テスト用ダミーテキストくぁｗせｄｒｆｔｇｙふじこｌｐ
test509,,テスト用ダミーテキストくぁｗせｄｒｆｔｇｙふじこｌｐ
test510,,テスト用ダミーテキストくぁｗせｄｒｆｔｇｙふじこｌｐ
test511,,テスト用ダミーテキストくぁｗせｄｒｆｔｇｙふじこｌｐ
test512,,テスト用ダミーテキストくぁｗせｄｒｆｔｇｙふじこｌｐ
test513,,テスト用ダミーテキストくぁｗせｄｒｆｔｇｙふじこｌｐ
test514,,テスト用ダミーテキストくぁｗせｄｒｆｔｇｙふじこｌｐ
test515,,テスト用ダミーテキストくぁｗせｄｒｆｔｇｙふじこｌｐ
test516,,テスト用ダミーテキストくぁｗせｄｒｆｔｇｙふじこｌｐ
test517,,テスト用ダミーテキストくぁｗせｄｒｆｔｇｙふじこｌｐ
test518,,テスト用ダミーテキストくぁｗせｄｒｆｔｇｙふじこｌｐ
test519,,テスト用ダミーテキストくぁｗせｄｒｆｔｇｙふじこｌｐ
test520,,テスト用ダミーテキストくぁｗせｄｒｆｔｇｙふじこｌｐ
test521,,テスト用ダミーテキストくぁｗせｄｒｆｔｇｙふじこｌｐ
test522,,テスト用ダミーテキストくぁｗせｄｒｆｔｇｙふじこｌｐ
test523,,テスト用ダミーテキストくぁｗせｄｒｆｔｇｙふじこｌｐ
test524,,テスト用ダミーテキストくぁｗせｄｒｆｔｇｙふじこｌｐ
test525,,テスト用ダミーテキストくぁｗせｄｒｆｔｇｙふじこｌｐ
test526,,テスト用ダミーテキストくぁｗせｄｒｆｔｇｙふじこｌｐ
test527,,テスト用ダミーテキストくぁｗせｄｒｆｔｇｙふじこｌｐ
test528,,テスト用ダミーテキストくぁｗせｄｒｆｔｇｙふじこｌｐ
test529,,テスト用ダミーテキストくぁｗせｄｒｆｔｇｙふじこｌｐ
test530,,テスト用ダミーテキストくぁｗせｄｒｆｔｇｙふじこｌｐ
test531,,テスト用ダミーテキストくぁｗせｄｒｆｔｇｙふじこｌｐ
test532,,テスト用ダミーテキストくぁｗせｄｒｆｔｇｙふじこｌｐ
test533,,テスト用ダミーテキストくぁｗせｄｒｆｔｇｙふじこｌｐ
test534,,テスト用ダミーテキストくぁｗせｄｒｆｔｇｙふじこｌｐ
test535,,テスト用ダミーテキストくぁｗせｄｒｆｔｇｙふじこｌｐ
test536,,テスト用ダミーテキストくぁｗせｄｒｆｔｇｙふじこｌｐ
test537,,テスト用ダミーテキストくぁｗせｄｒｆｔｇｙふじこｌｐ
test538,,テスト用ダミーテキストくぁｗせｄｒｆｔｇｙふじこｌｐ
test539,,テスト用ダミーテキストくぁｗせｄｒｆｔｇｙふじこｌｐ
test540,,テスト用ダミーテキストくぁｗせｄｒｆｔｇｙふじこｌｐ
test541,,テスト用ダミーテキストくぁｗせｄｒｆｔｇｙふじこｌｐ
test542,,テスト用ダミーテキストくぁｗせｄｒｆｔｇｙふじこｌｐ
test543,,テスト用ダミーテキストくぁｗせｄｒｆｔｇｙふじこｌｐ
test544,,テスト用ダミーテキストくぁｗせｄｒｆｔｇｙふじこｌｐ
test545,,テスト用ダミーテキストくぁｗせｄｒｆｔｇｙふじこｌｐ
test546,,テスト用ダミーテキストくぁｗせｄｒｆｔｇｙふじこｌｐ
test547,,テスト用ダミーテキストくぁｗせｄｒｆｔｇｙふじこｌｐ
test548,,テスト用ダミーテキストくぁｗせｄｒｆｔｇｙふじこｌｐ
test549,,テスト用ダミーテキストくぁｗせｄｒｆｔｇｙふじこｌｐ
test550,,テスト用ダミーテキストくぁｗせｄｒｆｔｇｙふじこｌｐ
test551,,テスト用ダミーテキストくぁｗせｄｒｆｔｇｙふじこｌｐ
test552,,テスト用ダミーテキストくぁｗせｄｒｆｔｇｙふじこｌｐ
test553,,テスト用ダミーテキストくぁｗせｄｒｆｔｇｙふじこｌｐ
test554,,テスト用ダミーテキストくぁｗせｄｒｆｔｇｙふじこｌｐ
test555,,テスト用ダミーテキストくぁｗせｄｒｆｔｇｙふじこｌｐ
test556,,テスト用ダミーテキストくぁｗせｄｒｆｔｇｙふじこｌｐ
test557,,テスト用ダミーテキストくぁｗせｄｒｆｔｇｙふじこｌｐ
test558,,テスト用ダミーテキストくぁｗせｄｒｆｔｇｙふじこｌｐ
test559,,テスト用ダミーテキストくぁｗせｄｒｆｔｇｙふじこｌｐ
test560,,テスト用ダミーテキストくぁｗせｄｒｆｔｇｙふじこｌｐ
test561,,テスト用ダミーテキストくぁｗせｄｒｆｔｇｙふじこｌｐ
test562,,テスト用ダミーテキストくぁｗせｄｒｆｔｇｙふじこｌｐ
test563,,テスト用ダミーテキストくぁｗせｄｒｆｔｇｙふじこｌｐ
test564,,テスト用ダミーテキストくぁｗせｄｒｆｔｇｙふじこｌｐ
test565,,テスト用ダミーテキストくぁｗせｄｒｆｔｇｙふじこｌｐ
test566,,テスト用ダミーテキストくぁｗせｄｒｆｔｇｙふじこｌｐ
test567,,テスト用ダミーテキストくぁｗせｄｒｆｔｇｙふじこｌｐ
test568,,テスト用ダミーテキストくぁｗせｄｒｆｔｇｙふじこｌｐ
test569,,テスト用ダミーテキストくぁｗせｄｒｆｔｇｙふじこｌｐ
test570,,テスト用ダミーテキストくぁｗせｄｒｆｔｇｙふじこｌｐ
test571,,テスト用ダミーテキストくぁｗせｄｒｆｔｇｙふじこｌｐ
test572,,テスト用ダミーテキストくぁｗせｄｒｆｔｇｙふじこｌｐ
test573,,テスト用ダミーテキストくぁｗせｄｒｆｔｇｙふじこｌｐ
test574,,テスト用ダミーテキストくぁｗせｄｒｆｔｇｙふじこｌｐ
test575,,テスト用ダミーテキストくぁｗせｄｒｆｔｇｙふじこｌｐ
test576,,テスト用ダミーテキストくぁｗせｄｒｆｔｇｙふじこｌｐ
test577,,テスト用ダミーテキストくぁｗせｄｒｆｔｇｙふじこｌｐ
test578,,テスト用ダミーテキストくぁｗせｄｒｆｔｇｙふじこｌｐ
test579,,テスト用ダミーテキストくぁｗせｄｒｆｔｇｙふじこｌｐ
test580,,テスト用ダミーテキストくぁｗせｄｒｆｔｇｙふじこｌｐ
test581,,テスト用ダミーテキストくぁｗせｄｒｆｔｇｙふじこｌｐ
test582,,テスト用ダミーテキストくぁｗせｄｒｆｔｇｙふじこｌｐ
test583,,テスト用ダミーテキストくぁｗせｄｒｆｔｇｙふじこｌｐ
test584,,テスト用ダミーテキストくぁｗせｄｒｆｔｇｙふじこｌｐ
test585,,テスト用ダミーテキストくぁｗせｄｒｆｔｇｙふじこｌｐ
test586,,テスト用ダミーテキストくぁｗせｄｒｆｔｇｙふじこｌｐ
test587,,テスト用ダミーテキストくぁｗせｄｒｆｔｇｙふじこｌｐ
test588,,テスト用ダミーテキストくぁｗせｄｒｆｔｇｙふじこｌｐ
test589,,テスト用ダミーテキストくぁｗせｄｒｆｔｇｙふじこｌｐ
test590,,テスト用ダミーテキストくぁｗせｄｒｆｔｇｙふじこｌｐ
test591,,テスト用ダミーテキストくぁｗせｄｒｆｔｇｙふじこｌｐ
test592,,テスト用ダミーテキストくぁｗせｄｒｆｔｇｙふじこｌｐ
test593,,テスト用ダミーテキストくぁｗせｄｒｆｔｇｙふじこｌｐ
test594,,テスト用ダミーテキストくぁｗせｄｒｆｔｇｙふじこｌｐ
test595,,テスト用ダミーテキストくぁｗせｄｒｆｔｇｙふじこｌｐ
test596,,テスト用ダミーテキストくぁｗせｄｒｆｔｇｙふじこｌｐ
test597,,テスト用ダミーテキストくぁｗせｄｒｆｔｇｙふじこｌｐ
test598,,テスト用ダミーテキストくぁｗせｄｒｆｔｇｙふじこｌｐ
test599,,テスト用ダミーテキストくぁｗせｄｒｆｔｇｙふじこｌｐ
test600,,テスト用ダミーテキストくぁｗせｄｒｆｔｇｙふじこｌｐ
